{
    "name": "root",
    "gauges": {
        "Seeker.Policy.Entropy.mean": {
            "value": 1.2563395500183105,
            "min": 1.2563395500183105,
            "max": 2.197075366973877,
            "count": 200
        },
        "Seeker.Environment.EpisodeLength.mean": {
            "value": 95.33870967741936,
            "min": 69.81481481481481,
            "max": 2344.3333333333335,
            "count": 200
        },
        "Seeker.Policy.ExtrinsicValueEstimate.mean": {
            "value": 0.24881967902183533,
            "min": -0.3878607153892517,
            "max": 0.4048638343811035,
            "count": 200
        },
        "Seeker.Environment.CumulativeReward.mean": {
            "value": 0.5084920805834588,
            "min": -5.4515001031104475,
            "max": 0.9195555597543716,
            "count": 200
        },
        "Seeker.Policy.ExtrinsicReward.mean": {
            "value": 0.5084920805834588,
            "min": -5.4515001031104475,
            "max": 0.9195555597543716,
            "count": 200
        },
        "Seeker.TotalScore.mean": {
            "value": -1991805.0,
            "min": -1991805.0,
            "max": -3042.927291870117,
            "count": 200
        },
        "Seeker.IsTraining.mean": {
            "value": 1.0,
            "min": 1.0,
            "max": 1.0,
            "count": 200
        },
        "Seeker.Losses.PolicyLoss.mean": {
            "value": 0.022673999580244224,
            "min": 0.016442156055321296,
            "max": 0.034265147211651005,
            "count": 194
        },
        "Seeker.Losses.ValueLoss.mean": {
            "value": 0.10005876744786898,
            "min": 0.005780396331101656,
            "max": 0.1551032525797685,
            "count": 194
        },
        "Seeker.Policy.LearningRate.mean": {
            "value": 9.422496859499974e-07,
            "min": 9.422496859499974e-07,
            "max": 0.00029845845051384995,
            "count": 194
        },
        "Seeker.Policy.Epsilon.mean": {
            "value": 0.10031405000000003,
            "min": 0.10031405000000003,
            "max": 0.19948615000000006,
            "count": 194
        },
        "Seeker.Policy.Beta.mean": {
            "value": 2.5671094999999958e-05,
            "min": 2.5671094999999958e-05,
            "max": 0.004974358885,
            "count": 194
        }
    },
    "metadata": {
        "timer_format_version": "0.1.0",
        "start_time_seconds": "1608124154",
        "python_version": "3.7.9 (tags/v3.7.9:13c94747c7, Aug 17 2020, 18:58:18) [MSC v.1900 64 bit (AMD64)]",
        "command_line_arguments": "C:\\Users\\Marco\\AppData\\Local\\Programs\\Python\\Python37\\Scripts\\mlagents-learn config/Seeker.yaml --run-id=SeekerAI7",
        "mlagents_version": "0.22.0",
        "mlagents_envs_version": "0.22.0",
        "communication_protocol_version": "1.2.0",
        "pytorch_version": "1.7.0+cu110",
        "numpy_version": "1.18.5",
        "end_time_seconds": "1608128465"
    },
    "total": 4311.0957637,
    "count": 1,
    "self": 0.445805700001074,
    "children": {
        "run_training.setup": {
            "total": 0.011160100000000561,
            "count": 1,
            "self": 0.011160100000000561
        },
        "TrainerController.start_learning": {
            "total": 4310.638797899999,
            "count": 1,
            "self": 3.039786999923308,
            "children": {
                "TrainerController._reset_env": {
                    "total": 12.307606,
                    "count": 1,
                    "self": 12.307606
                },
                "TrainerController.advance": {
                    "total": 4295.173735400075,
                    "count": 111143,
                    "self": 1.5996786001142027,
                    "children": {
                        "env_step": {
                            "total": 4293.574056799961,
                            "count": 111143,
                            "self": 3771.7786487999933,
                            "children": {
                                "SubprocessEnvManager._take_step": {
                                    "total": 520.227409200083,
                                    "count": 111143,
                                    "self": 8.118992700023455,
                                    "children": {
                                        "TorchPolicy.evaluate": {
                                            "total": 512.1084165000595,
                                            "count": 111143,
                                            "self": 142.14549980015465,
                                            "children": {
                                                "TorchPolicy.sample_actions": {
                                                    "total": 369.9629166999049,
                                                    "count": 111143,
                                                    "self": 369.9629166999049
                                                }
                                            }
                                        }
                                    }
                                },
                                "workers": {
                                    "total": 1.567998799884812,
                                    "count": 111143,
                                    "self": 0.0,
                                    "children": {
                                        "worker_root": {
                                            "total": 4296.828921099966,
                                            "count": 111143,
                                            "is_parallel": true,
                                            "self": 728.863417699929,
                                            "children": {
                                                "steps_from_proto": {
                                                    "total": 0.0009197999999983608,
                                                    "count": 1,
                                                    "is_parallel": true,
                                                    "self": 0.00025829999999871234,
                                                    "children": {
                                                        "_process_vector_observation": {
                                                            "total": 0.0006614999999996485,
                                                            "count": 4,
                                                            "is_parallel": true,
                                                            "self": 0.0006614999999996485
                                                        }
                                                    }
                                                },
                                                "UnityEnvironment.step": {
                                                    "total": 3567.964583600037,
                                                    "count": 111143,
                                                    "is_parallel": true,
                                                    "self": 19.353110200131596,
                                                    "children": {
                                                        "UnityEnvironment._generate_step_input": {
                                                            "total": 19.817703100002518,
                                                            "count": 111143,
                                                            "is_parallel": true,
                                                            "self": 19.817703100002518
                                                        },
                                                        "communicator.exchange": {
                                                            "total": 3459.8998685998877,