{
    "name": "root",
    "gauges": {
        "Seeker.Policy.Entropy.mean": {
            "value": 1.6305639743804932,
            "min": 1.3577872514724731,
            "max": 2.1970510482788086,
            "count": 200
        },
        "Seeker.Environment.EpisodeLength.mean": {
            "value": 360.85714285714283,
            "min": 56.51048951048951,
            "max": 2497.285714285714,
            "count": 200
        },
        "Seeker.Policy.ExtrinsicValueEstimate.mean": {
            "value": -0.1610223948955536,
            "min": -1.5889314413070679,
            "max": -0.013159103691577911,
            "count": 200
        },
        "Seeker.Environment.CumulativeReward.mean": {
            "value": -2.0510715251522407,
            "min": -4.591285851651004,
            "max": 0.6431666674713293,
            "count": 200
        },
        "Seeker.Policy.ExtrinsicReward.mean": {
            "value": -2.0510715251522407,
            "min": -4.591285851651004,
            "max": 0.6431666674713293,
            "count": 200
        },
        "Seeker.TotalScore.mean": {
            "value": -2285366.625,
            "min": -2285366.625,
            "max": -1742.8374481201172,
            "count": 200
        },
        "Seeker.IsTraining.mean": {
            "value": 1.0,
            "min": 1.0,
            "max": 1.0,
            "count": 200
        },
        "Seeker.Losses.PolicyLoss.mean": {
            "value": 0.01908701777768632,
            "min": 0.016446293417053916,
            "max": 0.03481659546184043,
            "count": 194
        },
        "Seeker.Losses.ValueLoss.mean": {
            "value": 0.11762188946207365,
            "min": 0.0021995437952379384,
            "max": 2.0834956844647725,
            "count": 194
        },
        "Seeker.Policy.LearningRate.mean": {
            "value": 8.16549727850013e-07,
            "min": 8.16549727850013e-07,
            "max": 0.00029845545051485,
            "count": 194
        },
        "Seeker.Policy.Epsilon.mean": {
            "value": 0.10027214999999998,
            "min": 0.10027214999999998,
            "max": 0.19948515000000003,
            "count": 194
        },
        "Seeker.Policy.Beta.mean": {
            "value": 2.3580285000000214e-05,
            "min": 2.3580285000000214e-05,
            "max": 0.004974308985000001,
            "count": 194
        }
    },
    "metadata": {
        "timer_format_version": "0.1.0",
        "start_time_seconds": "1608130687",
        "python_version": "3.7.9 (tags/v3.7.9:13c94747c7, Aug 17 2020, 18:58:18) [MSC v.1900 64 bit (AMD64)]",
        "command_line_arguments": "C:\\Users\\Marco\\AppData\\Local\\Programs\\Python\\Python37\\Scripts\\mlagents-learn config/Seeker.yaml --run-id=SeekerAI8",
        "mlagents_version": "0.22.0",
        "mlagents_envs_version": "0.22.0",
        "communication_protocol_version": "1.2.0",
        "pytorch_version": "1.7.0+cu110",
        "numpy_version": "1.18.5",
        "end_time_seconds": "1608139070"
    },
    "total": 8383.111467300001,
    "count": 1,
    "self": 0.7276259000009304,
    "children": {
        "run_training.setup": {
            "total": 0.009411700000000245,
            "count": 1,
            "self": 0.009411700000000245
        },
        "TrainerController.start_learning": {
            "total": 8382.3744297,
            "count": 1,
            "self": 3.5742133999610814,
            "children": {
                "TrainerController._reset_env": {
                    "total": 12.541729400000001,
                    "count": 1,
                    "self": 12.541729400000001
                },
                "TrainerController.advance": {
                    "total": 8366.15091470004,
                    "count": 111141,
                    "self": 1.8824547001695464,
                    "children": {
                        "env_step": {
                            "total": 8364.26845999987,
                            "count": 111141,
                            "self": 7596.649033599966,
                            "children": {
                                "SubprocessEnvManager._take_step": {
                                    "total": 765.8816002000299,
                                    "count": 111141,
                                    "self": 10.575323599946273,
                                    "children": {
                                        "TorchPolicy.evaluate": {
                                            "total": 755.3062766000836,
                                            "count": 111141,
                                            "self": 246.88764720004622,
                                            "children": {
                                                "TorchPolicy.sample_actions": {
                                                    "total": 508.4186294000374,
                                                    "count": 111141,
                                                    "self": 508.4186294000374
                                                }
                                            }
                                        }
                                    }
                                },
                                "workers": {
                                    "total": 1.7378261998745543,
                                    "count": 111141,
                                    "self": 0.0,
                                    "children": {
                                        "worker_root": {
                                            "total": 8367.603431400052,
                                            "count": 111141,
                                            "is_parallel": true,
                                            "self": 1004.049292899861,
                                            "children": {
                                                "steps_from_proto": {
                                                    "total": 0.001544500000001392,
                                                    "count": 1,
                                                    "is_parallel": true,
                                                    "self": 0.0005178000000043426,
                                                    "children": {
                                                        "_process_vector_observation": {
                                                            "total": 0.0010266999999970494,
                                                            "count": 4,
                                                            "is_parallel": true,
                                                            "self": 0.0010266999999970494
                                                        }
                                                    }
                                                },
                                                "UnityEnvironment.step": {
                                                    "total": 7363.552594000191,
                                                    "count": 111141,
                                                    "is_parallel": true,
                                                    "self": 21.89056869997239,
                                                    "children": {
                                                        "UnityEnvironment._generate_step_input": {
                                                            "total": 22.429244999945013,
                                                            "count": 111141,
                                                            "is_parallel": true,
                                                            "self": 22.429244999945013
                                                        },