{
    "name": "root",
    "metadata": {
        "timer_format_version": "0.1.0",
        "start_time_seconds": "1607995424",
        "python_version": "3.7.9 (tags/v3.7.9:13c94747c7, Aug 17 2020, 18:58:18) [MSC v.1900 64 bit (AMD64)]",
        "command_line_arguments": "C:\\Users\\Marco\\AppData\\Local\\Programs\\Python\\Python37\\Scripts\\mlagents-learn config/Seeker.yaml --run-id=SeekerAI --resume",
        "mlagents_version": "0.22.0",
        "mlagents_envs_version": "0.22.0",
        "communication_protocol_version": "1.2.0",
        "pytorch_version": "1.7.0+cu110",
        "numpy_version": "1.18.5",
        "end_time_seconds": "1607995434"
    },
    "total": 9.908634800000002,
    "count": 1,
    "self": 0.2566927000000021,
    "children": {
        "run_training.setup": {
            "total": 0.013224699999999867,
            "count": 1,
            "self": 0.013224699999999867
        },
        "TrainerController.start_learning": {
            "total": 9.638717399999999,
            "count": 1,
            "self": 0.011001899999996567,
            "children": {
                "TrainerController._reset_env": {
                    "total": 9.170105900000001,
                    "count": 1,
                    "self": 9.170105900000001
                },
                "trainer_threads": {
                    "total": 3.3400000001293506e-05,
                    "count": 1,
                    "self": 3.3400000001293506e-05,
                    "children": {
                        "thread_root": {
                            "total": 0.0,
                            "count": 0,
                            "is_parallel": true,
                            "self": 0.0,
                            "children": {
                                "trainer_advance": {
                                    "total": 0.010811299999998525,
                                    "count": 1,
                                    "is_parallel": true,
                                    "self": 7.229999999935899e-05,
                                    "children": {
                                        "process_trajectory": {
                                            "total": 0.010738999999999166,
                                            "count": 1,
                                            "is_parallel": true,
                                            "self": 0.010738999999999166
                                        }
                                    }
                                }
                            }
                        }
                    }
                },
                "TrainerController._save_models": {
                    "total": 0.4575762000000001,
                    "count": 1,
                    "self": 0.006307300000001348,
                    "children": {
                        "RLTrainer._checkpoint": {
                            "total": 0.45126889999999875,
                            "count": 1,
                            "self": 0.45126889999999875
                        }
                    }
                }
            }
        }
    }
}